edad,altura,peso,nota_final,genero
20.46,165.47,53.98,7.23,Femenino
17.68,158.03,58.53,7.75,Masculino
20.93,165.14,64.04,7.26,Femenino
18.43,162.09,58.27,6.46,Masculino
18.66,160.24,61.99,6.64,Femenino
19.89,162.92,56.28,7.15,Masculino
19.76,159.73,58.95,7.61,Masculino
18.55,156.7,61.43,6.71,Masculino
20.01,169.84,64.83,6.96,Femenino
18.15,162.05,60.75,7.54,Femenino
21.9,161.31,58.21,6.81,Masculino
20.6,156.22,56.92,6.43,Femenino
18.63,151.01,60.44,6.91,Masculino
21.09,157.82,59.58,7.9,Masculino
20.08,146.61,62.15,6.52,Masculino
18.74,163.9,59.97,6.56,Masculino
18.27,165.95,58.95,6.74,Masculino
18.27,155.2,59.64,7.9,Femenino
18.14,157.69,60.04,6.78,Femenino
19.9,169.14,59.66,7.97,Femenino
20.35,149.76,60.23,7.71,Masculino
21.37,162.62,59.18,6.62,Femenino
21.25,150.83,61.51,7.42,Masculino
19.49,160.7,60.78,6.98,Masculino
18.25,157.35,59.79,7.98,Masculino
20.31,161.63,61.5,6.55,Masculino
21.11,162.95,60.31,6.93,Masculino
19.17,169.26,58.76,6.2,Masculino
19.59,167.65,60.61,7.76,Masculino
20.13,149.47,60.82,7.17,Femenino
20.11,161.73,60.24,7.36,Masculino
18.99,158.56,60.95,6.54,Femenino
18.63,162.25,58.9,7.21,Masculino
21.08,161.45,61.51,7.28,Femenino
18.94,156.82,58.09,6.76,Masculino
19.98,157.2,58.79,6.66,Masculino
19.5,157.11,59.34,6.5,Masculino
21.1,156.13,58.16,7.47,Femenino
19.01,158.2,56.86,7.14,Femenino
19.45,168.77,61.71,6.97,Femenino
16.87,154.02,59.02,7.18,Masculino
18.49,164.98,59.99,6.59,Femenino
20.91,150.85,64.75,7.0,Masculino
17.3,155.36,62.69,6.89,Femenino
20.85,159.58,52.77,6.58,Femenino
18.45,155.19,57.85,8.12,Masculino
20.41,159.24,63.69,7.33,Femenino
18.86,156.92,58.61,6.96,Masculino
20.1,163.38,62.76,7.1,Femenino
19.15,162.27,60.91,6.29,Masculino
20.82,156.97,61.36,6.79,Masculino
19.9,147.83,66.37,6.12,Masculino
19.65,158.05,60.36,6.47,Masculino
22.33,161.27,60.15,6.7,Femenino
20.26,153.99,64.0,7.57,Masculino
18.79,155.11,59.12,7.54,Femenino
20.48,163.11,63.53,7.36,Masculino
19.58,166.93,58.82,6.73,Masculino
20.94,163.66,62.63,6.55,Masculino
20.51,159.4,58.5,7.28,Femenino
18.78,159.07,64.0,7.56,Masculino
18.46,169.64,60.38,6.47,Femenino
20.15,157.89,56.21,7.31,Masculino
19.58,153.47,57.92,6.45,Masculino
20.21,155.1,59.15,6.71,Masculino
20.28,165.8,58.53,6.56,Femenino
17.88,150.43,61.47,6.99,Femenino
18.26,158.0,57.29,7.49,Femenino
20.38,161.53,59.89,6.86,Masculino
20.76,165.83,59.36,7.17,Masculino
19.27,161.54,60.43,7.11,Femenino
21.44,160.6,60.31,6.57,Femenino
16.63,157.85,58.7,7.67,Femenino
22.09,161.5,62.08,7.2,Femenino
20.53,161.3,63.97,7.41,Femenino
18.21,159.81,60.52,7.55,Femenino
19.6,156.45,61.94,6.41,Masculino
19.48,157.79,60.69,7.6,Masculino
18.3,158.38,58.32,6.82,Femenino
19.9,162.84,59.76,6.68,Masculino
20.36,154.38,60.96,7.52,Masculino
20.06,162.8,60.17,6.98,Masculino
19.89,155.04,57.43,6.71,Femenino
20.68,159.58,57.22,7.0,Masculino
19.59,160.49,62.62,7.0,Masculino
18.75,153.95,62.18,8.23,Femenino
22.72,160.1,57.71,7.72,Femenino
21.14,170.27,59.99,7.14,Masculino
18.97,157.75,59.52,7.37,Masculino
20.8,166.3,60.8,7.44,Femenino
20.78,166.21,61.61,6.77,Femenino
21.29,159.48,60.76,7.93,Masculino
20.39,153.25,62.32,7.76,Masculino
19.99,166.85,59.71,6.49,Femenino
19.13,157.48,58.76,7.14,Femenino
19.5,160.23,60.89,6.79,Femenino
19.5,156.9,59.45,8.12,Femenino
21.26,160.41,61.56,7.36,Femenino
21.83,163.63,61.22,7.03,Masculino
19.8,172.17,59.84,7.05,Femenino
18.87,151.22,61.75,7.28,Femenino
22.53,166.4,57.65,8.06,Femenino
18.11,151.43,57.21,7.37,Masculino
18.82,158.75,61.69,6.94,Masculino
21.59,157.77,61.06,7.21,Femenino
21.44,166.25,58.05,8.5,Masculino
19.79,153.21,65.36,6.8,Femenino
19.53,167.4,61.19,7.19,Femenino
19.02,164.62,61.1,6.9,Femenino
20.19,159.05,58.33,6.97,Masculino
18.73,159.68,60.78,7.03,Masculino
20.39,169.31,58.66,7.45,Femenino
19.03,164.39,56.96,6.48,Femenino
19.38,153.81,55.97,7.74,Femenino
21.13,157.84,54.92,6.97,Femenino
22.03,157.98,61.57,7.15,Masculino
20.5,162.47,58.25,6.81,Femenino
20.21,153.33,57.93,7.38,Femenino
20.89,153.55,53.19,6.54,Femenino
20.22,151.88,59.91,7.14,Masculino
19.83,160.9,61.06,6.66,Femenino
19.82,163.91,55.76,7.85,Masculino
19.42,170.69,61.3,7.09,Femenino
19.97,154.41,64.15,8.34,Masculino
19.69,157.39,60.03,7.49,Masculino
20.02,153.42,57.12,7.32,Masculino
20.75,157.46,57.65,7.02,Femenino
20.41,149.68,63.52,7.52,Femenino
19.76,158.45,59.63,6.4,Femenino
21.1,162.73,57.58,7.49,Masculino
21.37,156.76,64.3,6.76,Masculino
19.96,154.75,58.63,7.62,Femenino
20.86,158.24,57.44,8.37,Masculino
17.84,155.4,61.78,7.08,Masculino
19.38,164.24,60.34,6.69,Masculino
21.01,159.15,60.4,6.49,Masculino
20.61,154.3,57.95,6.14,Femenino
18.54,162.41,59.96,6.42,Masculino
18.23,154.94,60.07,6.62,Femenino
19.1,153.89,60.48,6.48,Masculino
19.05,164.96,62.39,7.58,Masculino
21.99,154.41,59.83,7.33,Femenino
19.47,163.48,61.99,7.05,Masculino
19.08,157.27,60.48,6.93,Femenino
17.71,169.03,54.48,6.43,Masculino
18.55,162.36,61.97,7.2,Masculino
19.45,163.21,63.5,7.14,Masculino
20.87,156.6,52.5,6.66,Femenino
19.96,159.3,63.22,7.88,Femenino
21.2,154.71,59.66,6.92,Masculino
20.28,157.96,60.72,6.47,Femenino
20.48,153.43,58.34,7.26,Femenino
18.53,157.05,59.94,6.87,Femenino
19.59,153.31,58.91,7.16,Masculino
20.71,150.84,64.12,7.08,Masculino
17.83,162.27,61.93,6.63,Masculino
21.58,154.25,58.59,6.94,Femenino
19.16,156.0,60.77,6.48,Femenino
20.13,155.45,62.2,7.31,Masculino
19.63,159.65,61.61,6.88,Femenino
20.28,160.34,58.46,7.24,Masculino
21.3,158.07,56.35,7.28,Masculino
21.18,163.13,63.3,7.45,Masculino
18.1,161.69,57.63,7.69,Femenino
19.33,153.63,58.68,6.85,Masculino
20.32,158.66,58.25,7.85,Femenino
22.99,156.74,59.55,5.94,Masculino
20.49,160.75,56.83,7.34,Femenino
20.19,160.53,59.71,6.68,Femenino
19.25,163.96,60.84,6.59,Masculino
21.64,160.86,64.33,6.73,Femenino
18.55,153.49,62.28,7.46,Femenino
18.73,173.62,62.57,7.44,Masculino
19.79,155.94,59.22,7.18,Femenino
20.0,162.76,56.34,6.81,Femenino
19.29,149.26,55.11,6.67,Masculino
20.23,173.7,58.23,7.16,Masculino
19.57,159.1,64.19,7.39,Femenino
18.94,165.12,60.33,7.07,Masculino
18.37,161.64,60.12,6.64,Femenino
20.11,159.7,61.19,5.81,Femenino
19.39,156.22,56.13,7.69,Masculino
18.44,153.36,60.82,6.9,Masculino
19.6,167.84,64.03,7.28,Masculino
18.35,166.28,58.81,8.01,Masculino
20.6,153.72,62.5,7.44,Masculino
17.05,162.37,59.85,6.76,Femenino
20.0,161.88,63.33,6.78,Masculino
20.34,155.26,60.12,6.0,Femenino
19.05,166.7,58.73,6.96,Femenino
22.22,155.28,59.91,7.35,Masculino
21.04,159.56,62.89,8.24,Femenino
17.46,161.32,63.41,6.44,Masculino
21.63,163.69,61.98,7.67,Masculino
17.95,167.11,58.39,7.41,Femenino
20.13,160.38,58.89,7.36,Masculino
19.25,174.41,63.52,6.14,Masculino
19.64,152.77,57.23,7.94,Femenino
21.51,163.67,59.15,6.3,Femenino
21.84,168.74,61.92,7.53,Femenino
22.07,160.24,57.7,7.29,Masculino
21.26,165.66,56.29,6.96,Femenino
18.02,162.66,60.77,7.61,Femenino
19.73,157.36,59.59,7.43,Femenino
20.83,166.95,64.61,6.98,Masculino
21.61,164.43,62.87,6.37,Femenino
20.54,164.5,63.46,6.38,Masculino
18.91,162.97,57.23,7.14,Femenino
17.49,160.2,62.29,7.32,Masculino
20.54,160.32,58.26,6.46,Masculino
20.92,151.88,57.12,7.44,Masculino
19.63,159.23,61.76,6.7,Masculino
19.9,161.5,61.61,6.61,Femenino
19.9,158.02,59.51,7.39,Femenino
18.88,162.55,62.77,6.84,Femenino
20.31,155.04,58.61,6.41,Masculino
18.1,149.04,59.17,7.36,Femenino
20.47,157.9,56.14,6.19,Femenino
19.29,162.05,61.36,6.49,Femenino
19.01,160.45,58.06,5.84,Femenino
21.16,157.24,60.08,7.13,Masculino
20.18,162.88,61.29,7.07,Femenino
20.41,159.9,55.21,7.55,Femenino
20.25,156.03,62.27,7.04,Masculino
18.85,163.88,59.89,7.27,Femenino
19.74,164.4,66.79,6.76,Masculino
21.12,154.16,60.26,6.61,Femenino
21.12,162.07,59.12,7.06,Femenino
20.81,149.48,60.01,7.03,Femenino
18.0,160.16,61.31,6.41,Masculino
19.26,154.25,60.79,7.1,Femenino
18.31,154.46,56.93,7.04,Masculino
21.63,160.95,62.2,7.43,Masculino
21.45,164.77,60.73,7.2,Femenino
18.84,165.78,58.5,6.85,Masculino
19.08,160.51,59.24,6.35,Masculino
19.55,163.87,59.85,6.67,Femenino
18.4,157.32,62.96,6.46,Femenino
19.14,166.81,59.35,7.76,Masculino
20.55,168.58,60.5,6.7,Masculino
20.92,158.28,63.05,6.29,Masculino
21.94,162.0,60.37,6.77,Femenino
19.87,163.86,65.34,6.41,Masculino
22.15,156.87,62.97,6.36,Femenino
21.08,154.6,59.08,6.98,Masculino
19.37,161.93,56.54,6.77,Femenino
19.15,157.71,63.6,6.29,Femenino
19.2,169.76,64.04,6.99,Masculino
19.15,152.5,59.57,6.46,Femenino
20.66,157.32,61.33,6.11,Femenino
21.04,150.61,52.7,6.75,Femenino
20.65,163.56,51.39,6.59,Femenino
21.31,154.01,60.84,7.37,Femenino
18.18,170.49,63.22,7.46,Masculino
18.62,156.07,58.9,7.29,Femenino
20.17,153.0,56.36,6.83,Femenino
21.6,151.99,60.55,6.38,Masculino
18.24,161.96,62.52,6.55,Femenino
21.65,155.38,57.5,5.99,Femenino
20.24,159.56,60.19,6.85,Masculino
22.43,163.38,61.07,7.13,Masculino
20.02,154.03,55.99,6.77,Femenino
20.72,154.08,60.79,6.22,Femenino
19.55,164.2,63.45,7.81,Masculino
19.18,170.3,56.42,7.86,Femenino
19.68,159.25,59.14,6.96,Femenino
19.12,153.63,61.23,6.77,Masculino
20.47,163.46,59.3,6.68,Femenino
22.4,153.37,62.04,6.35,Masculino
22.33,160.76,61.17,6.09,Masculino
21.19,160.22,60.47,6.6,Masculino
18.4,159.75,56.31,6.84,Masculino
20.78,159.92,63.69,6.52,Femenino
18.89,157.0,61.1,6.81,Masculino
21.63,160.41,58.31,7.21,Femenino
19.74,155.94,61.15,7.02,Femenino
20.13,160.8,59.82,6.68,Femenino
19.78,158.19,59.15,7.03,Masculino
18.44,153.65,62.19,6.62,Femenino
20.64,162.12,59.64,7.12,Femenino
18.69,175.03,59.95,6.42,Femenino
21.41,160.47,61.87,7.54,Masculino
17.73,160.61,61.22,7.8,Femenino
19.87,161.39,60.49,7.52,Masculino
19.85,164.55,60.49,7.07,Masculino
20.6,157.8,62.28,7.28,Masculino
20.35,155.09,62.15,8.53,Masculino
20.52,156.47,59.28,7.46,Femenino
19.52,170.63,58.83,7.59,Masculino
18.61,151.74,60.24,7.11,Femenino
19.32,164.0,64.26,7.63,Masculino
18.62,157.09,63.37,6.71,Masculino
18.01,159.56,60.93,7.42,Femenino
19.3,167.98,62.2,6.87,Femenino
18.86,158.25,57.33,7.68,Masculino
18.82,161.68,56.02,6.97,Masculino
19.24,155.73,57.25,7.53,Femenino
20.86,159.31,61.54,7.47,Masculino
20.06,167.4,60.26,7.19,Masculino
19.61,158.98,58.58,7.35,Masculino
21.69,166.11,60.78,7.51,Masculino
20.09,154.99,59.26,6.76,Masculino
19.49,157.49,57.9,6.4,Femenino
22.15,154.97,59.47,6.54,Femenino
19.87,165.98,60.98,7.2,Masculino
21.11,161.51,56.29,6.41,Femenino
19.98,163.49,62.53,6.75,Masculino
16.85,159.43,61.13,7.14,Masculino
18.28,163.94,60.17,7.31,Femenino
19.78,155.03,61.98,6.7,Masculino
20.04,161.67,58.56,7.25,Femenino
19.88,153.68,57.82,7.5,Masculino
19.16,147.98,58.54,6.81,Masculino
19.89,160.37,60.44,6.82,Femenino
20.56,159.73,59.03,7.14,Masculino
19.1,160.15,58.57,6.5,Femenino
19.1,158.3,59.75,7.63,Femenino
18.33,164.75,62.29,6.99,Femenino
22.18,156.26,63.3,7.39,Masculino
20.98,161.69,63.39,7.44,Femenino
21.32,159.57,62.86,6.79,Masculino
20.68,155.16,60.81,6.56,Masculino
17.08,167.65,58.16,7.65,Masculino
23.29,162.67,64.58,6.45,Femenino
20.29,154.12,60.4,7.27,Femenino
20.06,164.18,58.59,7.29,Masculino
18.99,159.28,62.45,6.19,Masculino
21.27,163.81,58.36,6.79,Masculino
22.06,166.63,62.82,7.05,Masculino
19.52,158.87,56.77,8.03,Masculino
21.4,158.31,60.62,7.3,Masculino
19.73,155.23,62.0,7.21,Masculino
19.59,163.32,57.3,7.85,Femenino
19.98,160.82,61.47,6.5,Femenino
20.89,152.71,59.89,6.2,Femenino
21.67,156.55,58.68,7.46,Femenino
19.11,157.2,63.17,6.69,Masculino
17.8,163.79,66.78,7.15,Femenino
18.68,160.5,59.35,6.93,Masculino
19.16,165.35,62.81,6.99,Masculino
19.03,169.44,57.52,6.8,Masculino
19.28,163.03,60.53,6.33,Masculino
20.74,151.42,61.44,6.93,Femenino
21.43,159.59,63.35,7.2,Femenino
20.03,162.52,58.09,6.77,Femenino
19.4,164.65,61.85,7.43,Masculino
18.69,149.6,59.79,7.55,Femenino
19.95,158.06,61.12,6.96,Masculino
19.74,160.88,57.61,6.95,Masculino
20.59,161.69,61.15,7.32,Masculino
19.65,168.43,57.13,6.43,Masculino
20.58,168.9,56.92,7.37,Femenino
18.18,155.98,61.79,7.42,Femenino
20.01,161.57,58.44,7.32,Masculino
18.6,153.48,59.4,7.09,Masculino
19.44,159.86,60.02,7.57,Masculino
17.24,167.42,58.24,7.75,Femenino
20.41,162.5,57.17,7.04,Femenino
19.8,153.32,55.52,6.47,Masculino
19.12,163.14,59.84,7.0,Femenino
20.24,153.23,58.04,7.03,Femenino
18.21,152.96,60.63,6.73,Femenino
18.83,155.1,59.64,6.37,Masculino
18.28,162.32,57.58,6.49,Femenino
20.79,163.47,61.39,6.41,Femenino
19.28,164.2,57.69,6.93,Masculino
18.72,150.98,57.54,6.97,Masculino
18.98,157.27,59.01,6.49,Femenino
19.08,155.52,59.64,7.15,Masculino
19.38,161.3,62.19,7.28,Femenino
21.61,159.03,61.18,6.56,Masculino
20.03,160.46,60.79,6.26,Femenino
21.81,157.34,60.1,6.81,Femenino
19.6,156.12,60.18,7.66,Femenino
17.48,157.11,56.35,7.6,Masculino
22.04,159.12,59.52,6.11,Masculino
19.31,168.8,63.13,7.65,Femenino
20.08,153.39,57.94,6.85,Femenino
19.66,169.44,62.82,7.6,Femenino
20.42,162.04,55.49,7.51,Femenino
21.52,157.52,61.2,7.17,Femenino
19.79,156.21,63.1,6.75,Masculino
19.74,151.63,66.95,7.47,Masculino
19.66,156.1,61.69,6.73,Femenino
21.76,150.78,56.47,6.75,Masculino
20.25,160.22,63.0,6.4,Masculino
20.47,165.8,60.41,7.67,Femenino
20.86,159.08,57.39,7.76,Masculino
21.76,164.77,58.86,6.5,Femenino
21.99,157.57,57.82,7.03,Femenino
20.54,163.53,57.15,6.73,Masculino
19.37,159.44,60.52,6.76,Masculino
19.31,163.57,62.95,7.17,Femenino
19.2,173.26,59.11,6.92,Masculino
19.95,147.57,58.97,6.68,Femenino
19.94,149.42,60.63,7.0,Femenino
21.73,163.77,61.35,5.97,Femenino
18.81,162.6,62.36,6.66,Femenino
23.12,163.88,61.12,7.11,Masculino
18.96,156.35,64.65,7.01,Femenino
20.91,167.39,54.05,6.13,Femenino
21.81,150.97,60.03,7.95,Masculino
21.42,161.7,57.71,6.78,Masculino
21.93,165.9,57.0,7.14,Femenino
19.51,157.97,61.81,7.27,Masculino
19.99,152.64,59.19,7.43,Femenino
19.42,162.48,58.39,7.7,Masculino
19.22,168.83,62.74,7.16,Femenino
18.95,158.23,66.44,6.44,Femenino
19.66,157.38,58.39,7.64,Femenino
20.86,162.5,61.81,6.8,Femenino
18.59,165.79,55.09,6.37,Masculino
19.93,156.37,59.08,6.97,Femenino
18.33,153.79,61.97,7.09,Masculino
20.81,159.26,64.91,7.07,Masculino
20.77,164.26,57.93,6.98,Masculino
18.2,162.68,56.68,7.96,Masculino
20.26,161.35,59.31,7.34,Femenino
21.49,163.08,62.43,7.42,Masculino
22.37,154.5,59.47,7.37,Masculino
19.81,152.15,58.9,7.3,Femenino
21.03,154.15,60.29,7.29,Masculino
20.09,158.62,63.51,7.06,Femenino
16.8,163.99,57.8,7.63,Femenino
19.96,166.48,62.09,7.23,Masculino
20.81,168.32,55.57,7.4,Masculino
19.17,160.73,62.5,6.57,Masculino
21.82,163.24,57.38,7.05,Femenino
19.75,166.35,58.46,6.85,Femenino
19.99,160.15,60.54,6.78,Masculino
19.86,161.56,53.69,8.07,Masculino
18.4,154.39,63.0,6.6,Masculino
18.83,167.0,60.83,7.31,Masculino
20.82,154.64,60.76,6.48,Masculino
21.88,151.97,57.91,7.67,Femenino
20.4,160.54,59.05,7.13,Femenino
19.95,167.29,56.01,6.49,Masculino
19.62,155.73,62.62,6.61,Femenino
23.11,158.66,62.7,7.52,Masculino
20.75,160.21,62.89,7.58,Masculino
18.21,161.75,60.47,8.11,Femenino
19.31,155.76,58.88,6.4,Masculino
18.98,159.54,59.65,6.97,Masculino
17.74,166.47,61.75,6.14,Femenino
17.42,156.19,59.9,7.65,Masculino
20.01,159.88,59.2,6.9,Femenino
21.79,155.61,64.01,7.23,Masculino
19.37,165.02,59.71,6.61,Masculino
19.11,163.11,61.47,8.18,Femenino
20.17,156.51,62.67,6.51,Masculino
17.15,160.25,64.37,8.59,Masculino
18.61,158.81,53.12,7.34,Masculino
19.45,160.77,62.23,7.28,Masculino
19.04,171.03,61.79,7.24,Femenino
19.09,160.37,60.51,5.94,Masculino
21.3,155.01,58.49,5.98,Masculino
21.81,157.41,56.43,6.7,Masculino
17.74,162.18,59.23,6.99,Masculino
20.71,157.64,63.82,7.26,Masculino
20.64,166.53,59.32,6.76,Masculino
21.09,159.52,59.82,7.18,Masculino
17.46,158.15,61.09,6.72,Masculino
20.56,160.29,62.76,6.58,Femenino
20.55,159.81,60.84,6.46,Masculino
19.8,157.31,61.11,7.41,Masculino
19.76,157.52,59.95,5.9,Femenino
19.67,165.05,57.13,7.26,Femenino
18.31,160.94,55.86,7.3,Femenino
20.0,166.2,58.93,7.44,Femenino
21.01,162.54,62.14,6.93,Masculino
19.9,157.99,60.15,6.83,Femenino
18.96,163.88,59.63,6.94,Femenino
19.63,157.19,59.65,7.23,Femenino
22.26,164.62,59.82,6.72,Masculino
20.54,153.83,57.63,7.43,Masculino
19.51,161.6,55.9,6.14,Masculino
20.34,170.43,65.56,7.29,Femenino
20.42,167.46,59.87,7.05,Masculino
20.63,157.69,60.08,7.15,Masculino
19.15,158.77,59.9,6.49,Femenino
18.74,166.82,59.44,7.12,Masculino
18.16,167.83,61.11,7.0,Masculino
19.52,167.41,57.35,7.02,Femenino
19.55,161.15,59.91,7.26,Femenino
19.74,155.03,59.49,6.98,Masculino
18.89,149.71,58.09,6.68,Masculino
20.51,161.19,56.29,6.67,Masculino
22.33,155.17,55.26,7.15,Masculino
19.44,168.51,62.12,7.2,Femenino
21.64,157.72,54.2,6.32,Femenino
20.56,153.74,64.88,7.19,Masculino
20.69,150.72,61.21,7.2,Masculino
17.79,152.99,62.36,6.73,Masculino
21.55,158.27,65.32,7.35,Masculino
19.27,154.02,60.73,6.6,Femenino
17.27,157.92,59.89,7.04,Masculino
20.9,161.77,56.19,6.45,Masculino
19.42,161.71,62.42,6.5,Masculino
20.57,152.83,60.9,7.14,Masculino
20.05,159.25,62.99,6.19,Masculino
19.73,158.23,60.96,6.85,Femenino
16.87,161.51,59.99,8.06,Masculino
19.94,154.91,60.74,6.9,Femenino
19.06,161.72,56.03,6.99,Masculino
21.16,162.03,62.38,6.95,Masculino
19.77,158.68,58.78,7.07,Masculino
21.41,153.46,60.98,6.89,Femenino
18.82,150.43,58.93,6.54,Femenino
20.52,156.28,60.56,8.28,Masculino
20.12,160.23,59.97,6.86,Masculino
19.93,161.33,60.17,6.87,Masculino
18.88,164.65,61.93,6.77,Femenino
21.58,159.38,62.61,7.22,Masculino
19.45,161.73,58.86,8.13,Femenino
18.14,158.21,59.45,6.47,Masculino
19.51,165.04,58.76,6.89,Masculino
17.77,154.21,53.13,6.47,Femenino
18.13,156.34,56.46,7.4,Masculino
18.61,157.69,58.55,7.33,Masculino
20.05,159.92,63.16,6.81,Femenino
21.27,159.13,58.63,7.59,Femenino
21.38,165.56,60.23,6.99,Femenino
17.51,159.62,58.71,7.01,Masculino
19.16,168.68,61.79,7.26,Masculino
18.64,157.65,58.61,7.63,Masculino
18.88,168.82,57.79,7.04,Femenino
19.8,154.41,66.49,6.77,Femenino
18.23,159.34,59.5,7.11,Masculino
20.12,161.76,59.03,6.95,Masculino
19.1,164.39,57.87,5.69,Masculino
20.55,161.56,59.26,6.77,Masculino
18.66,157.72,62.47,7.01,Masculino
18.75,158.77,60.04,7.43,Femenino
17.77,165.98,57.89,6.71,Femenino
20.04,163.74,62.72,6.92,Femenino
21.51,155.48,57.49,7.33,Masculino
22.03,162.77,59.39,6.96,Femenino
18.36,160.24,61.34,7.07,Femenino
19.23,158.35,63.35,7.29,Femenino
19.54,158.86,59.12,6.72,Femenino
20.88,159.69,57.67,6.94,Masculino
21.66,162.99,63.0,6.55,Femenino
18.9,160.65,57.54,7.33,Femenino
20.75,163.68,58.45,6.99,Masculino
23.04,159.33,57.62,6.98,Femenino
20.81,156.58,57.39,7.15,Masculino
20.45,152.93,59.73,6.48,Masculino
17.12,161.34,62.58,7.23,Femenino
20.8,156.05,62.79,7.08,Femenino
19.94,163.67,59.86,7.63,Masculino
21.04,165.49,56.48,5.92,Masculino
20.32,164.79,59.3,7.15,Masculino
20.36,167.63,60.99,7.14,Femenino
17.74,165.51,61.54,7.56,Masculino
18.65,157.23,59.01,6.93,Femenino
21.78,164.34,58.71,6.08,Masculino
20.87,164.85,59.66,7.06,Femenino
21.52,162.74,60.93,6.38,Femenino
18.66,157.06,59.9,6.97,Masculino
21.15,162.7,59.03,6.36,Femenino
21.43,146.35,62.44,6.96,Femenino
18.24,158.85,59.39,6.85,Masculino
19.66,161.0,60.32,7.43,Masculino
19.39,160.09,58.86,7.04,Femenino
20.58,160.48,62.41,6.05,Femenino
18.66,149.79,59.55,7.25,Femenino
18.74,159.73,65.97,6.77,Masculino
21.69,167.17,61.7,7.56,Femenino
19.55,161.05,60.32,7.37,Masculino
19.78,160.12,64.76,7.15,Masculino
21.51,157.7,61.56,6.91,Masculino
19.79,162.2,54.23,7.74,Masculino
19.77,157.17,59.75,6.98,Femenino
22.09,169.82,60.37,7.47,Masculino
20.93,163.13,58.09,7.44,Femenino
20.48,153.81,61.18,6.56,Masculino
19.62,165.91,59.75,7.12,Masculino
21.32,165.67,60.7,7.96,Femenino
19.85,163.01,57.42,6.79,Masculino
21.57,157.55,58.58,8.04,Femenino
19.37,149.31,60.06,6.88,Masculino
19.75,154.69,59.41,6.54,Femenino
17.79,160.73,57.16,6.97,Masculino
19.37,163.69,60.79,6.99,Femenino
20.14,156.32,57.41,7.39,Masculino
21.33,161.97,65.26,6.67,Femenino
22.13,163.41,64.05,6.85,Masculino
18.84,163.79,59.84,7.06,Masculino
22.17,156.95,59.64,7.44,Femenino
19.41,159.68,66.05,6.45,Masculino
19.06,165.17,64.13,7.02,Masculino
21.59,163.78,58.58,6.9,Femenino
18.35,165.65,60.26,8.0,Femenino
21.52,157.76,56.66,6.58,Masculino
21.46,156.37,58.65,6.44,Femenino
19.03,161.28,61.34,6.84,Femenino
20.49,161.58,56.77,7.15,Masculino
20.63,159.2,61.12,7.33,Masculino
18.82,158.85,61.19,7.81,Femenino
20.85,165.99,59.06,7.51,Masculino
20.19,163.51,59.87,7.33,Femenino
21.4,165.43,60.33,6.76,Femenino
19.92,161.65,56.89,6.82,Femenino
19.92,157.91,59.78,6.26,Masculino
20.62,161.76,61.03,6.58,Masculino
19.64,163.4,65.7,7.26,Femenino
21.41,153.23,61.13,7.5,Masculino
20.17,158.09,59.79,7.04,Femenino
22.91,157.79,56.1,7.71,Femenino
18.67,155.63,59.52,6.32,Femenino
19.62,152.43,58.46,7.57,Masculino
16.38,166.16,64.36,6.8,Femenino
19.71,170.22,59.32,7.48,Masculino
22.34,151.9,57.33,7.08,Femenino
18.05,158.52,58.86,7.18,Femenino
19.08,155.13,61.33,6.86,Masculino
17.8,160.88,61.85,7.66,Femenino
20.62,164.25,60.6,7.22,Femenino
22.16,165.21,56.15,6.99,Femenino
19.03,156.07,60.27,6.9,Femenino
20.08,157.5,62.56,6.69,Masculino
19.59,157.57,62.15,6.76,Femenino
19.93,162.85,55.87,6.42,Masculino
20.62,162.33,57.06,6.88,Femenino
19.26,167.42,57.99,6.89,Masculino
21.21,160.4,64.95,6.42,Femenino
19.39,166.41,58.78,7.34,Masculino
21.29,159.74,58.25,6.78,Masculino
19.61,158.55,61.52,7.28,Masculino
21.44,158.42,61.29,6.7,Femenino
21.32,157.49,60.83,7.43,Masculino
19.96,152.58,62.43,7.94,Femenino
21.09,155.6,58.98,7.17,Masculino
19.08,153.32,62.49,7.29,Femenino
22.3,159.59,60.63,6.83,Femenino
19.28,165.33,62.01,6.92,Masculino
19.44,148.36,57.88,7.49,Masculino
19.62,157.24,61.74,7.25,Masculino
19.95,169.77,58.86,7.39,Masculino
18.41,165.88,55.58,7.45,Femenino
20.67,150.53,66.3,7.2,Femenino
21.33,145.64,59.48,7.91,Femenino
18.95,166.25,60.69,6.71,Masculino
14.21,167.97,59.87,6.69,Masculino
20.49,154.23,62.6,7.38,Femenino
19.32,159.87,54.26,6.74,Femenino
18.24,160.75,57.38,7.7,Femenino
19.89,162.15,63.04,6.57,Masculino
19.26,161.47,60.72,7.21,Masculino
21.73,150.78,57.76,7.14,Masculino
21.88,165.84,57.67,6.56,Masculino
20.54,168.1,59.71,7.72,Femenino
20.68,158.85,63.3,6.66,Femenino
20.84,154.81,62.33,7.17,Masculino
18.49,156.06,60.38,7.45,Masculino
19.01,162.9,59.29,7.53,Masculino
19.4,156.78,60.33,6.68,Femenino
20.2,165.41,61.67,7.96,Masculino
20.64,161.84,61.41,6.61,Femenino
21.66,163.08,56.34,7.73,Femenino
20.21,158.46,61.54,7.33,Masculino
20.16,155.61,60.78,6.83,Masculino
20.43,158.41,66.89,7.3,Masculino
20.91,162.56,62.47,7.71,Femenino
19.17,156.28,56.86,7.05,Masculino
19.34,157.57,61.42,6.39,Femenino
20.1,155.18,61.27,6.5,Masculino
22.18,154.5,63.97,7.33,Femenino
19.38,156.61,60.92,6.36,Femenino
20.95,152.56,64.18,7.04,Masculino
19.15,157.03,61.55,7.54,Masculino
20.37,163.5,58.46,7.46,Masculino
20.37,159.76,57.09,6.48,Femenino
20.62,154.58,58.98,6.13,Masculino
18.99,158.01,61.4,6.43,Femenino
19.84,159.48,63.26,7.18,Masculino
21.63,157.54,62.23,6.9,Femenino
20.1,159.44,56.51,7.87,Femenino
19.8,158.67,63.39,6.67,Femenino
19.17,152.98,60.63,7.11,Masculino
20.84,164.14,62.71,7.51,Masculino
21.7,159.95,59.46,6.25,Femenino
20.9,160.91,60.2,6.85,Femenino
22.2,152.41,63.49,6.46,Masculino
20.25,154.05,62.14,7.48,Femenino
19.34,161.82,62.86,7.17,Femenino
17.43,158.8,58.9,6.66,Masculino
21.39,171.18,58.65,6.91,Masculino
20.21,156.68,58.53,7.08,Femenino
20.21,166.61,58.92,6.94,Masculino
21.87,153.81,55.6,6.83,Masculino
22.13,166.67,54.24,6.33,Masculino
21.35,158.61,59.26,7.3,Masculino
20.85,160.6,61.36,6.15,Masculino
18.49,168.52,59.32,6.27,Femenino
20.25,158.93,64.29,7.48,Masculino
21.08,159.71,60.43,6.38,Masculino
21.45,166.32,58.48,7.28,Femenino
20.58,154.7,60.73,7.31,Femenino
17.46,151.47,58.91,7.69,Masculino
20.33,155.78,58.18,7.76,Femenino
21.46,160.82,57.24,6.06,Masculino
21.59,160.33,59.24,7.74,Masculino
20.86,149.03,56.98,6.89,Masculino
17.27,165.33,59.01,6.87,Femenino
19.09,152.74,63.17,6.65,Masculino
21.09,167.8,59.11,6.78,Masculino
18.83,159.52,62.42,7.04,Femenino
18.82,165.86,56.2,7.59,Femenino
20.12,151.5,59.47,6.52,Masculino
20.45,162.61,63.33,7.78,Femenino
17.61,159.44,59.31,7.29,Femenino
20.12,161.1,56.78,6.82,Femenino
21.72,158.88,60.31,6.11,Masculino
19.57,159.74,58.04,7.26,Femenino
18.85,161.93,59.36,6.25,Masculino
18.81,155.51,59.94,6.16,Femenino
18.01,164.43,62.13,6.33,Femenino
19.88,158.8,58.91,6.82,Masculino
18.29,160.86,60.91,7.38,Femenino
21.25,161.55,64.29,7.88,Femenino
22.79,156.13,59.99,7.04,Femenino
20.49,160.82,54.51,6.3,Femenino
18.16,157.92,56.48,7.67,Femenino
18.39,162.84,57.98,6.85,Femenino
17.66,156.27,61.28,6.69,Femenino
20.96,171.7,58.43,6.64,Masculino
19.14,153.27,59.1,7.35,Masculino
19.05,163.52,60.1,7.53,Femenino
19.73,166.08,59.76,7.18,Masculino
20.85,160.8,57.51,6.58,Masculino
22.19,160.13,61.09,7.85,Masculino
20.11,153.73,54.88,6.53,Masculino
19.07,157.68,58.82,6.97,Femenino
17.83,164.94,60.86,7.54,Femenino
18.36,169.94,58.93,8.18,Femenino
19.64,153.92,61.7,6.77,Femenino
19.21,165.3,58.04,7.37,Femenino
20.05,150.26,59.02,7.19,Femenino
18.82,168.38,61.68,6.36,Masculino
18.13,163.44,59.18,7.62,Masculino
20.39,161.43,61.74,7.25,Masculino
20.48,160.43,62.54,7.08,Masculino
20.44,163.29,63.06,6.65,Masculino
19.97,160.4,60.46,6.23,Femenino
17.68,159.13,58.16,7.38,Masculino
20.45,161.9,61.35,6.13,Masculino
20.66,163.67,60.85,6.72,Femenino
20.07,156.89,63.42,8.72,Masculino
23.07,157.52,63.12,7.28,Masculino
20.1,156.89,60.11,7.75,Masculino
20.78,159.25,58.94,6.06,Masculino
18.86,168.75,61.17,7.17,Masculino
20.74,159.04,58.84,7.6,Femenino
19.1,152.49,64.2,6.95,Masculino
19.95,160.96,58.31,6.95,Femenino
18.86,163.96,57.57,7.24,Femenino
21.27,166.89,60.45,7.23,Masculino
19.2,155.42,56.39,7.15,Femenino
17.76,158.42,55.44,7.14,Masculino
23.12,158.63,59.57,6.97,Masculino
18.05,158.36,63.44,6.66,Masculino
22.05,159.96,61.56,6.61,Masculino
21.71,158.35,66.23,6.42,Femenino
20.3,158.77,62.23,8.03,Masculino
18.69,158.08,60.71,7.46,Masculino
20.98,164.97,58.77,6.71,Masculino
20.58,157.99,60.07,6.71,Femenino
21.54,164.28,59.55,7.15,Femenino
20.03,162.87,61.96,6.83,Femenino
16.15,152.47,60.02,7.01,Masculino
20.81,162.47,61.21,6.46,Masculino
19.64,158.06,55.08,6.41,Masculino
16.1,149.36,59.51,7.3,Femenino
19.21,156.5,62.72,6.22,Femenino
18.78,162.69,65.72,6.35,Masculino
20.49,163.33,61.89,7.8,Masculino
18.92,162.12,57.67,6.22,Femenino
20.85,161.88,56.49,7.3,Masculino
19.26,159.24,60.15,6.48,Femenino
21.16,160.78,56.71,7.22,Femenino
21.69,155.99,59.56,7.21,Femenino
20.23,158.81,57.51,7.17,Masculino
21.53,166.83,59.49,7.2,Femenino
19.97,164.86,60.09,8.09,Femenino
18.76,153.92,56.82,7.38,Masculino
17.65,167.99,57.9,7.1,Femenino
18.49,167.3,61.32,6.2,Femenino
19.86,156.91,63.6,6.83,Masculino
19.4,169.49,63.26,7.68,Masculino
20.34,156.72,56.12,7.28,Femenino
16.16,156.85,64.39,7.37,Masculino
19.19,161.53,58.03,7.99,Femenino
19.39,167.2,60.99,6.75,Femenino
19.02,163.2,59.41,7.7,Femenino
20.89,157.89,58.15,7.46,Femenino
19.08,162.3,61.46,8.27,Femenino
21.4,162.36,63.88,7.55,Femenino
20.28,153.22,59.88,7.03,Femenino
18.13,160.1,61.37,6.91,Masculino
22.11,158.67,57.41,7.28,Masculino
20.14,157.74,61.45,7.73,Masculino
19.17,157.98,58.25,7.13,Masculino
19.16,150.37,59.02,7.18,Femenino
22.14,153.1,59.62,6.36,Masculino
20.64,151.52,52.53,7.25,Masculino
20.42,157.44,58.02,7.69,Masculino
20.56,161.79,59.3,6.57,Masculino
18.5,157.78,62.95,7.25,Femenino
20.53,154.0,63.02,6.84,Masculino
20.56,160.3,63.64,6.43,Masculino
20.55,163.17,62.97,8.07,Masculino
21.67,150.91,56.14,6.74,Masculino
20.75,165.49,62.95,6.53,Masculino
21.0,165.43,57.83,7.23,Masculino
18.96,167.35,59.62,7.42,Femenino
17.88,169.1,56.33,7.53,Femenino
20.3,166.12,62.61,7.1,Femenino
22.19,157.86,60.0,7.09,Masculino
20.77,155.91,61.4,7.82,Femenino
19.29,159.02,62.46,7.07,Masculino
20.99,150.36,57.63,6.85,Femenino
21.02,157.61,59.24,7.37,Femenino
22.16,156.54,57.82,7.22,Femenino
20.67,158.4,56.92,7.18,Masculino
19.93,155.15,59.34,7.16,Masculino
20.63,156.73,64.57,6.26,Femenino
18.03,157.9,57.32,6.71,Masculino
20.33,161.56,61.72,6.32,Femenino
19.84,163.84,62.93,6.48,Femenino
19.98,162.73,57.82,7.56,Femenino
18.38,161.93,60.0,8.02,Femenino
19.21,157.56,62.18,6.8,Masculino
18.55,149.46,59.17,7.02,Femenino
22.57,160.83,63.07,6.66,Femenino
21.03,161.29,61.17,6.75,Femenino
20.95,168.05,60.34,6.92,Masculino
20.75,160.58,63.89,7.03,Masculino
20.62,161.76,55.31,6.98,Femenino
21.38,152.82,60.37,7.45,Femenino
19.0,149.4,61.31,7.4,Masculino
18.3,152.07,58.65,6.72,Masculino
21.42,157.36,55.35,7.35,Femenino
19.56,161.27,60.48,7.03,Femenino
19.33,164.52,59.68,6.41,Femenino
20.38,156.24,61.4,6.94,Masculino
18.03,156.45,61.08,7.3,Masculino
20.5,162.57,61.45,6.97,Masculino
23.59,161.26,61.55,6.76,Masculino
19.34,156.21,60.72,7.37,Femenino
21.31,160.05,58.22,6.16,Masculino
19.39,167.78,62.89,6.95,Masculino
18.7,156.97,60.09,6.84,Masculino
18.45,166.8,57.2,6.34,Femenino
17.79,161.76,56.99,6.17,Masculino
19.25,163.22,56.45,6.46,Masculino
18.5,155.0,58.51,6.86,Masculino
19.72,157.5,62.62,7.84,Femenino
21.3,159.55,61.58,7.64,Masculino
18.36,158.25,60.42,7.71,Femenino
19.19,165.77,62.81,7.02,Masculino
19.69,170.11,61.45,6.61,Masculino
19.55,162.14,60.11,6.15,Masculino
20.18,156.44,55.49,6.1,Femenino
21.63,155.65,62.97,7.26,Femenino
20.9,168.42,61.37,6.79,Masculino
20.93,162.28,59.83,5.91,Femenino
20.94,158.74,60.55,7.14,Femenino
19.9,160.22,58.85,6.96,Femenino
18.88,153.47,58.19,6.39,Masculino
20.18,166.36,59.31,6.94,Masculino
21.02,154.4,58.33,6.55,Femenino
19.14,160.61,58.09,8.19,Masculino
20.73,155.6,59.59,6.23,Femenino
19.3,169.28,61.49,7.12,Masculino
19.78,159.81,56.32,7.1,Femenino
18.86,151.11,58.55,6.94,Masculino
19.12,156.38,60.46,7.47,Femenino
18.83,158.55,58.86,6.3,Masculino
18.95,158.85,62.25,6.29,Masculino
19.3,151.61,61.22,7.38,Femenino
21.46,164.13,57.88,6.47,Masculino
20.5,162.51,60.46,6.85,Femenino
19.63,159.2,55.72,7.08,Masculino
20.26,165.18,59.01,7.13,Femenino
21.23,160.7,60.37,7.95,Masculino
19.5,161.02,59.39,7.11,Femenino
20.6,158.88,55.01,6.6,Masculino
20.31,160.72,59.94,6.92,Femenino
19.0,160.36,62.34,6.14,Femenino
21.47,157.11,61.02,6.66,Femenino
21.67,155.18,60.84,6.77,Femenino
22.15,156.89,58.63,5.81,Femenino
22.05,163.62,54.94,7.43,Masculino
20.68,156.74,55.59,6.77,Femenino
18.41,156.96,56.24,6.81,Masculino
20.02,166.39,54.83,7.66,Femenino
20.41,157.3,61.82,6.91,Femenino
19.43,161.96,56.16,5.93,Masculino
20.18,160.71,57.85,7.37,Masculino
20.71,159.37,60.29,6.7,Femenino
20.34,164.45,57.52,7.93,Femenino
19.27,158.26,57.7,7.76,Masculino
18.79,163.41,55.67,6.2,Masculino
18.6,158.43,61.83,6.55,Masculino
21.0,162.23,60.83,6.68,Femenino
21.22,160.37,57.59,7.06,Masculino
17.92,161.42,57.39,6.65,Masculino
19.02,160.09,58.28,7.66,Masculino
19.86,165.25,56.13,7.18,Femenino
19.32,150.35,54.46,7.27,Femenino
20.41,162.15,59.82,6.42,Femenino
19.52,152.97,60.79,7.45,Femenino
18.2,166.09,61.24,6.56,Masculino
19.92,157.97,58.99,6.25,Femenino
19.73,163.12,60.9,6.67,Masculino
20.12,161.71,61.69,6.99,Masculino
22.06,161.07,58.61,6.87,Masculino
21.85,160.61,59.26,6.87,Masculino
19.51,163.33,58.02,7.5,Femenino
19.39,159.0,64.22,6.82,Masculino
19.08,155.62,59.03,7.45,Masculino
22.5,161.04,61.15,7.26,Masculino
18.19,170.28,59.2,7.34,Masculino
19.71,156.24,59.25,6.73,Femenino
18.99,165.47,61.62,6.72,Masculino
21.7,159.3,59.39,6.95,Femenino
19.89,155.31,63.82,7.18,Masculino
20.6,156.56,57.91,6.8,Femenino
21.1,147.71,63.13,6.85,Femenino
19.91,160.25,56.79,7.17,Masculino
21.26,159.43,61.19,7.07,Femenino
21.0,160.26,58.83,7.03,Masculino
21.02,164.84,58.87,7.45,Femenino
20.69,158.86,57.43,6.46,Masculino
19.56,166.8,62.1,6.32,Masculino
20.64,154.75,60.79,6.81,Femenino
20.43,151.85,65.6,7.4,Masculino
19.76,151.15,58.78,6.66,Masculino
21.83,155.18,60.21,7.55,Masculino
18.44,152.4,60.49,6.1,Masculino
20.82,155.02,59.01,7.63,Masculino
19.48,166.24,61.27,7.57,Masculino
19.74,161.42,62.92,5.98,Masculino
20.05,158.64,60.27,6.48,Femenino
20.14,159.39,62.16,7.27,Femenino
22.47,161.01,59.64,7.15,Masculino
20.59,156.95,62.74,7.54,Femenino
21.29,155.11,61.77,6.37,Femenino
19.74,164.98,58.6,7.11,Femenino
18.81,156.78,60.99,7.05,Masculino
20.18,158.19,59.92,6.46,Femenino
19.76,161.13,56.7,6.61,Femenino
18.79,161.53,61.89,6.25,Femenino
20.44,163.17,59.54,6.72,Femenino
17.47,158.44,62.17,7.83,Masculino
18.96,164.69,57.94,6.96,Masculino
21.78,160.07,61.96,6.63,Masculino
20.21,154.54,58.18,6.91,Masculino
20.68,154.88,57.3,7.91,Masculino
19.98,157.46,64.78,7.06,Femenino
18.68,163.09,61.18,7.4,Masculino
19.38,155.44,62.62,7.24,Masculino
18.52,150.97,56.28,6.82,Femenino
20.11,162.64,56.98,7.42,Femenino
21.25,162.85,55.28,7.51,Masculino
19.14,169.51,60.25,7.18,Femenino
21.93,162.63,62.6,7.43,Masculino
21.35,156.39,61.06,7.71,Femenino
21.14,159.82,61.55,7.41,Masculino
16.93,160.21,57.97,7.65,Femenino
20.73,159.35,62.31,6.6,Masculino
19.4,155.32,61.27,5.78,Masculino
21.96,158.85,63.65,7.15,Femenino
20.84,166.5,59.18,7.86,Femenino
19.74,163.57,58.85,7.36,Masculino
18.28,156.24,64.69,7.48,Femenino
21.24,165.21,58.35,7.55,Masculino
21.91,156.89,58.96,8.07,Femenino
18.83,165.08,64.08,7.24,Masculino
18.96,163.77,59.1,5.98,Femenino
19.64,156.78,59.01,6.55,Masculino
18.91,149.25,60.65,7.65,Masculino
18.69,164.89,57.06,7.62,Masculino
20.87,154.54,60.97,7.09,Masculino
17.85,157.51,58.93,6.92,Femenino
18.81,162.85,59.74,6.63,Femenino
19.5,159.09,60.97,7.42,Femenino
21.12,150.7,58.95,6.29,Masculino
19.55,162.83,56.66,7.43,Masculino
21.34,162.21,59.34,7.15,Masculino
20.89,158.29,64.55,7.71,Femenino
21.58,155.89,59.85,7.94,Masculino
18.39,164.98,55.07,7.29,Masculino
19.66,158.9,55.37,6.75,Masculino
19.16,160.81,58.65,7.15,Femenino
20.29,155.5,59.53,5.97,Femenino
19.44,162.68,62.7,7.87,Masculino
19.18,168.06,61.13,7.12,Femenino
19.94,165.95,62.2,6.87,Femenino
